{
  "hash": "39d5fdad",
  "configHash": "9b0af8f9",
  "lockfileHash": "79306fff",
  "browserHash": "067a7735",
  "optimized": {
    "@angular/common": {
      "src": "../../../../../../node_modules/@angular/common/fesm2022/common.mjs",
      "file": "@angular_common.js",
      "fileHash": "40f3c781",
      "needsInterop": false
    },
    "@angular/core": {
      "src": "../../../../../../node_modules/@angular/core/fesm2022/core.mjs",
      "file": "@angular_core.js",
      "fileHash": "164fecfc",
      "needsInterop": false
    },
    "@angular/forms": {
      "src": "../../../../../../node_modules/@angular/forms/fesm2022/forms.mjs",
      "file": "@angular_forms.js",
      "fileHash": "7f80a383",
      "needsInterop": false
    },
    "@angular/platform-browser": {
      "src": "../../../../../../node_modules/@angular/platform-browser/fesm2022/platform-browser.mjs",
      "file": "@angular_platform-browser.js",
      "fileHash": "52a64c48",
      "needsInterop": false
    },
    "@angular/router": {
      "src": "../../../../../../node_modules/@angular/router/fesm2022/router.mjs",
      "file": "@angular_router.js",
      "fileHash": "a947fd12",
      "needsInterop": false
    }
  },
  "chunks": {
    "chunk-2O273E5A": {
      "file": "chunk-2O273E5A.js"
    },
    "chunk-RDWDXSXP": {
      "file": "chunk-RDWDXSXP.js"
    },
    "chunk-PR7ILNDV": {
      "file": "chunk-PR7ILNDV.js"
    }
  }
}